{
    "model": "RandomForest",
    "accuracy": 0.9956909818405664,
    "precision_0": 0.9858356940509915,
    "recall_0": 0.9942857142857143,
    "f1_0": 0.9900426742532006,
    "precision_1": 0.9984270546598506,
    "recall_1": 0.9960768928991761,
    "f1_1": 0.9972505891594659
}